source_train,target_test,model,audit_scope,corruption_family,severity,corruption,precision,recall,mAP50,mAP50_95,source_file
cropandweed,PhenoBench-val,RT-DETR-L,representative_cross_dataset_detection_severity,clean,clean,clean,0.26454392017180584,0.2735549007572434,0.18119024282273116,0.1354674878646943,outputs/revision/cross_dataset_detection_stress_severity_full/rtdetr_l_cropandweed_seed0_to_PhenoBench-val/tableS_cross_dataset_detection_stress_severity.csv
cropandweed,PhenoBench-val,RT-DETR-L,representative_cross_dataset_detection_severity,blur,3,gaussian_blur_3,0.18345897598538818,0.19974642195955628,0.10477035410001634,0.07079927957174027,outputs/revision/cross_dataset_detection_stress_severity_full/rtdetr_l_cropandweed_seed0_to_PhenoBench-val/tableS_cross_dataset_detection_stress_severity.csv
cropandweed,PhenoBench-val,RT-DETR-L,representative_cross_dataset_detection_severity,blur,5,gaussian_blur_5,0.16490469520953588,0.15011627444986536,0.09924832680863009,0.06425089980917456,outputs/revision/cross_dataset_detection_stress_severity_full/rtdetr_l_cropandweed_seed0_to_PhenoBench-val/tableS_cross_dataset_detection_stress_severity.csv
cropandweed,PhenoBench-val,RT-DETR-L,representative_cross_dataset_detection_severity,blur,7,gaussian_blur_7,0.20256631000835945,0.14004908825101012,0.11209646754374505,0.06913019965438787,outputs/revision/cross_dataset_detection_stress_severity_full/rtdetr_l_cropandweed_seed0_to_PhenoBench-val/tableS_cross_dataset_detection_stress_severity.csv
cropandweed,PhenoBench-val,RT-DETR-L,representative_cross_dataset_detection_severity,jpeg,70,jpeg_quality_70,0.2565619016242388,0.2504481917863534,0.17494876128943934,0.13236893600680447,outputs/revision/cross_dataset_detection_stress_severity_full/rtdetr_l_cropandweed_seed0_to_PhenoBench-val/tableS_cross_dataset_detection_stress_severity.csv
cropandweed,PhenoBench-val,RT-DETR-L,representative_cross_dataset_detection_severity,jpeg,50,jpeg_quality_50,0.2382653769132794,0.2289132960725345,0.15967141711562208,0.121666197817392,outputs/revision/cross_dataset_detection_stress_severity_full/rtdetr_l_cropandweed_seed0_to_PhenoBench-val/tableS_cross_dataset_detection_stress_severity.csv
cropandweed,PhenoBench-val,RT-DETR-L,representative_cross_dataset_detection_severity,jpeg,30,jpeg_quality_30,0.2108168506914766,0.19849341881748722,0.1318637798287663,0.09769969673350189,outputs/revision/cross_dataset_detection_stress_severity_full/rtdetr_l_cropandweed_seed0_to_PhenoBench-val/tableS_cross_dataset_detection_stress_severity.csv
cropandweed,PhenoBench-val,RT-DETR-L,representative_cross_dataset_detection_severity,low_resolution,0.75,low_resolution_0.75,0.23698399681576127,0.2615337929714771,0.17709954576412226,0.13396677678582214,outputs/revision/cross_dataset_detection_stress_severity_full/rtdetr_l_cropandweed_seed0_to_PhenoBench-val/tableS_cross_dataset_detection_stress_severity.csv
cropandweed,PhenoBench-val,RT-DETR-L,representative_cross_dataset_detection_severity,low_resolution,0.5,low_resolution_0.5,0.23021798457340198,0.24027579910304883,0.1697303047440762,0.12810725469800985,outputs/revision/cross_dataset_detection_stress_severity_full/rtdetr_l_cropandweed_seed0_to_PhenoBench-val/tableS_cross_dataset_detection_stress_severity.csv
cropandweed,PhenoBench-val,RT-DETR-L,representative_cross_dataset_detection_severity,low_resolution,0.25,low_resolution_0.25,0.2061406235829278,0.22606846408262782,0.13239040586679568,0.0945909089705775,outputs/revision/cross_dataset_detection_stress_severity_full/rtdetr_l_cropandweed_seed0_to_PhenoBench-val/tableS_cross_dataset_detection_stress_severity.csv
cropandweed,PhenoBench-val,RT-DETR-L,representative_cross_dataset_detection_severity,clean,clean,clean,0.2868440766838871,0.33080871555653213,0.18809281176760928,0.13033682592255097,outputs/revision/cross_dataset_detection_stress_severity_full/rtdetr_l_cropandweed_seed1_to_PhenoBench-val/tableS_cross_dataset_detection_stress_severity.csv
cropandweed,PhenoBench-val,RT-DETR-L,representative_cross_dataset_detection_severity,blur,3,gaussian_blur_3,0.13919157529350593,0.15982446125766142,0.07741093599193227,0.05284774812241727,outputs/revision/cross_dataset_detection_stress_severity_full/rtdetr_l_cropandweed_seed1_to_PhenoBench-val/tableS_cross_dataset_detection_stress_severity.csv
cropandweed,PhenoBench-val,RT-DETR-L,representative_cross_dataset_detection_severity,blur,5,gaussian_blur_5,0.08552453975721445,0.11338603522775278,0.039487614000731995,0.02507710069135578,outputs/revision/cross_dataset_detection_stress_severity_full/rtdetr_l_cropandweed_seed1_to_PhenoBench-val/tableS_cross_dataset_detection_stress_severity.csv
cropandweed,PhenoBench-val,RT-DETR-L,representative_cross_dataset_detection_severity,blur,7,gaussian_blur_7,0.061487271451565476,0.0929739501446944,0.026358875090683923,0.016101310126520614,outputs/revision/cross_dataset_detection_stress_severity_full/rtdetr_l_cropandweed_seed1_to_PhenoBench-val/tableS_cross_dataset_detection_stress_severity.csv
cropandweed,PhenoBench-val,RT-DETR-L,representative_cross_dataset_detection_severity,jpeg,70,jpeg_quality_70,0.27732081506396966,0.2973052139441769,0.17362295268535177,0.12271477061710337,outputs/revision/cross_dataset_detection_stress_severity_full/rtdetr_l_cropandweed_seed1_to_PhenoBench-val/tableS_cross_dataset_detection_stress_severity.csv
cropandweed,PhenoBench-val,RT-DETR-L,representative_cross_dataset_detection_severity,jpeg,50,jpeg_quality_50,0.26874793308787326,0.2767135278105943,0.16124529904926596,0.11410256750168926,outputs/revision/cross_dataset_detection_stress_severity_full/rtdetr_l_cropandweed_seed1_to_PhenoBench-val/tableS_cross_dataset_detection_stress_severity.csv
cropandweed,PhenoBench-val,RT-DETR-L,representative_cross_dataset_detection_severity,jpeg,30,jpeg_quality_30,0.24696595663276916,0.2506950925533269,0.13657501364302205,0.09320155287389038,outputs/revision/cross_dataset_detection_stress_severity_full/rtdetr_l_cropandweed_seed1_to_PhenoBench-val/tableS_cross_dataset_detection_stress_severity.csv
cropandweed,PhenoBench-val,RT-DETR-L,representative_cross_dataset_detection_severity,low_resolution,0.75,low_resolution_0.75,0.2711630833458608,0.3253898721224303,0.19676883508753934,0.13514641907241687,outputs/revision/cross_dataset_detection_stress_severity_full/rtdetr_l_cropandweed_seed1_to_PhenoBench-val/tableS_cross_dataset_detection_stress_severity.csv
cropandweed,PhenoBench-val,RT-DETR-L,representative_cross_dataset_detection_severity,low_resolution,0.5,low_resolution_0.5,0.2537549223025349,0.28979034922066116,0.17469685578685995,0.1244334480980314,outputs/revision/cross_dataset_detection_stress_severity_full/rtdetr_l_cropandweed_seed1_to_PhenoBench-val/tableS_cross_dataset_detection_stress_severity.csv
cropandweed,PhenoBench-val,RT-DETR-L,representative_cross_dataset_detection_severity,low_resolution,0.25,low_resolution_0.25,0.2032483666355423,0.20149474291913735,0.11653528574176714,0.08391313967087946,outputs/revision/cross_dataset_detection_stress_severity_full/rtdetr_l_cropandweed_seed1_to_PhenoBench-val/tableS_cross_dataset_detection_stress_severity.csv
cropandweed,PhenoBench-val,RT-DETR-L,representative_cross_dataset_detection_severity,clean,clean,clean,0.26633637491496687,0.2014422410319074,0.14044370764109215,0.09833338726494958,outputs/revision/cross_dataset_detection_stress_severity_full/rtdetr_l_cropandweed_seed2_to_PhenoBench-val/tableS_cross_dataset_detection_stress_severity.csv
cropandweed,PhenoBench-val,RT-DETR-L,representative_cross_dataset_detection_severity,blur,3,gaussian_blur_3,0.10738960102645005,0.10436665696361518,0.059045022542575425,0.039133240069967365,outputs/revision/cross_dataset_detection_stress_severity_full/rtdetr_l_cropandweed_seed2_to_PhenoBench-val/tableS_cross_dataset_detection_stress_severity.csv
cropandweed,PhenoBench-val,RT-DETR-L,representative_cross_dataset_detection_severity,blur,5,gaussian_blur_5,0.04154408469306884,0.08212024918733565,0.015407419082289587,0.008766922044143475,outputs/revision/cross_dataset_detection_stress_severity_full/rtdetr_l_cropandweed_seed2_to_PhenoBench-val/tableS_cross_dataset_detection_stress_severity.csv
cropandweed,PhenoBench-val,RT-DETR-L,representative_cross_dataset_detection_severity,blur,7,gaussian_blur_7,0.03047905950886204,0.07366947244319863,0.010754008480816403,0.00628619948905026,outputs/revision/cross_dataset_detection_stress_severity_full/rtdetr_l_cropandweed_seed2_to_PhenoBench-val/tableS_cross_dataset_detection_stress_severity.csv
cropandweed,PhenoBench-val,RT-DETR-L,representative_cross_dataset_detection_severity,jpeg,70,jpeg_quality_70,0.24664585727939814,0.17824573153575518,0.12908555717966977,0.09107896115944801,outputs/revision/cross_dataset_detection_stress_severity_full/rtdetr_l_cropandweed_seed2_to_PhenoBench-val/tableS_cross_dataset_detection_stress_severity.csv
cropandweed,PhenoBench-val,RT-DETR-L,representative_cross_dataset_detection_severity,jpeg,50,jpeg_quality_50,0.22013993128069334,0.15957756049068791,0.10799594053340672,0.07566630683650621,outputs/revision/cross_dataset_detection_stress_severity_full/rtdetr_l_cropandweed_seed2_to_PhenoBench-val/tableS_cross_dataset_detection_stress_severity.csv
cropandweed,PhenoBench-val,RT-DETR-L,representative_cross_dataset_detection_severity,jpeg,30,jpeg_quality_30,0.16754202784816308,0.13659045041348783,0.08195443619055548,0.05450075975829675,outputs/revision/cross_dataset_detection_stress_severity_full/rtdetr_l_cropandweed_seed2_to_PhenoBench-val/tableS_cross_dataset_detection_stress_severity.csv
cropandweed,PhenoBench-val,RT-DETR-L,representative_cross_dataset_detection_severity,low_resolution,0.75,low_resolution_0.75,0.27117521918720205,0.19574629304242558,0.1446256744042871,0.10631896871359206,outputs/revision/cross_dataset_detection_stress_severity_full/rtdetr_l_cropandweed_seed2_to_PhenoBench-val/tableS_cross_dataset_detection_stress_severity.csv
cropandweed,PhenoBench-val,RT-DETR-L,representative_cross_dataset_detection_severity,low_resolution,0.5,low_resolution_0.5,0.2730981199347186,0.18472930704862126,0.14529631407189214,0.11149050946502019,outputs/revision/cross_dataset_detection_stress_severity_full/rtdetr_l_cropandweed_seed2_to_PhenoBench-val/tableS_cross_dataset_detection_stress_severity.csv
cropandweed,PhenoBench-val,RT-DETR-L,representative_cross_dataset_detection_severity,low_resolution,0.25,low_resolution_0.25,0.20070434027611594,0.13663565474110287,0.10612807212649589,0.07925475543137123,outputs/revision/cross_dataset_detection_stress_severity_full/rtdetr_l_cropandweed_seed2_to_PhenoBench-val/tableS_cross_dataset_detection_stress_severity.csv
phenobench,CropAndWeed-sample,RT-DETR-L,representative_cross_dataset_detection_severity,clean,clean,clean,0.24199728469096254,0.21197247275193193,0.11925744458157682,0.05764049476129207,outputs/revision/cross_dataset_detection_stress_severity_full/rtdetr_l_phenobench_seed0_to_CropAndWeed-sample/tableS_cross_dataset_detection_stress_severity.csv
phenobench,CropAndWeed-sample,RT-DETR-L,representative_cross_dataset_detection_severity,blur,3,gaussian_blur_3,0.33420270351391057,0.19652147411052984,0.12467551381166392,0.0646297072926777,outputs/revision/cross_dataset_detection_stress_severity_full/rtdetr_l_phenobench_seed0_to_CropAndWeed-sample/tableS_cross_dataset_detection_stress_severity.csv
phenobench,CropAndWeed-sample,RT-DETR-L,representative_cross_dataset_detection_severity,blur,5,gaussian_blur_5,0.3265798944433733,0.1438701172355259,0.08410133357654327,0.0442988093784986,outputs/revision/cross_dataset_detection_stress_severity_full/rtdetr_l_phenobench_seed0_to_CropAndWeed-sample/tableS_cross_dataset_detection_stress_severity.csv
phenobench,CropAndWeed-sample,RT-DETR-L,representative_cross_dataset_detection_severity,blur,7,gaussian_blur_7,0.30818699200684097,0.10638940808822422,0.06151900335039011,0.030671927731491994,outputs/revision/cross_dataset_detection_stress_severity_full/rtdetr_l_phenobench_seed0_to_CropAndWeed-sample/tableS_cross_dataset_detection_stress_severity.csv
phenobench,CropAndWeed-sample,RT-DETR-L,representative_cross_dataset_detection_severity,jpeg,70,jpeg_quality_70,0.26420317330803256,0.19454326044522297,0.1157305455269946,0.0557172146268133,outputs/revision/cross_dataset_detection_stress_severity_full/rtdetr_l_phenobench_seed0_to_CropAndWeed-sample/tableS_cross_dataset_detection_stress_severity.csv
phenobench,CropAndWeed-sample,RT-DETR-L,representative_cross_dataset_detection_severity,jpeg,50,jpeg_quality_50,0.27033079729029635,0.18417121344508489,0.10922548537797676,0.0525811330491466,outputs/revision/cross_dataset_detection_stress_severity_full/rtdetr_l_phenobench_seed0_to_CropAndWeed-sample/tableS_cross_dataset_detection_stress_severity.csv
phenobench,CropAndWeed-sample,RT-DETR-L,representative_cross_dataset_detection_severity,jpeg,30,jpeg_quality_30,0.2511758264375994,0.1544476054282688,0.08439157983823836,0.04360383927513907,outputs/revision/cross_dataset_detection_stress_severity_full/rtdetr_l_phenobench_seed0_to_CropAndWeed-sample/tableS_cross_dataset_detection_stress_severity.csv
phenobench,CropAndWeed-sample,RT-DETR-L,representative_cross_dataset_detection_severity,low_resolution,0.75,low_resolution_0.75,0.28090119878615316,0.21698357806050025,0.1295547589291336,0.06132435679838529,outputs/revision/cross_dataset_detection_stress_severity_full/rtdetr_l_phenobench_seed0_to_CropAndWeed-sample/tableS_cross_dataset_detection_stress_severity.csv
phenobench,CropAndWeed-sample,RT-DETR-L,representative_cross_dataset_detection_severity,low_resolution,0.5,low_resolution_0.5,0.284667832734668,0.22340480162831022,0.1322325796243018,0.06398403107945226,outputs/revision/cross_dataset_detection_stress_severity_full/rtdetr_l_phenobench_seed0_to_CropAndWeed-sample/tableS_cross_dataset_detection_stress_severity.csv
phenobench,CropAndWeed-sample,RT-DETR-L,representative_cross_dataset_detection_severity,low_resolution,0.25,low_resolution_0.25,0.3091322677605072,0.2164679226330401,0.13092874621027212,0.06674300299496322,outputs/revision/cross_dataset_detection_stress_severity_full/rtdetr_l_phenobench_seed0_to_CropAndWeed-sample/tableS_cross_dataset_detection_stress_severity.csv
phenobench,CropAndWeed-sample,RT-DETR-L,representative_cross_dataset_detection_severity,clean,clean,clean,0.23695399928457395,0.18096081129236136,0.10023571947052431,0.05041261383716365,outputs/revision/cross_dataset_detection_stress_severity_full/rtdetr_l_phenobench_seed1_to_CropAndWeed-sample/tableS_cross_dataset_detection_stress_severity.csv
phenobench,CropAndWeed-sample,RT-DETR-L,representative_cross_dataset_detection_severity,blur,3,gaussian_blur_3,0.2463877105994271,0.1984929630544071,0.10713302800980504,0.05193099950762089,outputs/revision/cross_dataset_detection_stress_severity_full/rtdetr_l_phenobench_seed1_to_CropAndWeed-sample/tableS_cross_dataset_detection_stress_severity.csv
phenobench,CropAndWeed-sample,RT-DETR-L,representative_cross_dataset_detection_severity,blur,5,gaussian_blur_5,0.2490617685191276,0.17526783046865774,0.09444642276486989,0.047671701058519596,outputs/revision/cross_dataset_detection_stress_severity_full/rtdetr_l_phenobench_seed1_to_CropAndWeed-sample/tableS_cross_dataset_detection_stress_severity.csv
phenobench,CropAndWeed-sample,RT-DETR-L,representative_cross_dataset_detection_severity,blur,7,gaussian_blur_7,0.23097411341991128,0.12315191707500991,0.0628862477923547,0.033099220535060384,outputs/revision/cross_dataset_detection_stress_severity_full/rtdetr_l_phenobench_seed1_to_CropAndWeed-sample/tableS_cross_dataset_detection_stress_severity.csv
phenobench,CropAndWeed-sample,RT-DETR-L,representative_cross_dataset_detection_severity,jpeg,70,jpeg_quality_70,0.23925119107285456,0.1797115429972323,0.09415296526300058,0.048011389197956215,outputs/revision/cross_dataset_detection_stress_severity_full/rtdetr_l_phenobench_seed1_to_CropAndWeed-sample/tableS_cross_dataset_detection_stress_severity.csv
phenobench,CropAndWeed-sample,RT-DETR-L,representative_cross_dataset_detection_severity,jpeg,50,jpeg_quality_50,0.22244269134621636,0.16800990200358473,0.0846591375317205,0.04234730235579028,outputs/revision/cross_dataset_detection_stress_severity_full/rtdetr_l_phenobench_seed1_to_CropAndWeed-sample/tableS_cross_dataset_detection_stress_severity.csv
phenobench,CropAndWeed-sample,RT-DETR-L,representative_cross_dataset_detection_severity,jpeg,30,jpeg_quality_30,0.2042495708740712,0.15323811996275816,0.07238705162279396,0.03740732769615173,outputs/revision/cross_dataset_detection_stress_severity_full/rtdetr_l_phenobench_seed1_to_CropAndWeed-sample/tableS_cross_dataset_detection_stress_severity.csv
phenobench,CropAndWeed-sample,RT-DETR-L,representative_cross_dataset_detection_severity,low_resolution,0.75,low_resolution_0.75,0.2394012856875258,0.18520121869010553,0.10428809727493267,0.052110866892964,outputs/revision/cross_dataset_detection_stress_severity_full/rtdetr_l_phenobench_seed1_to_CropAndWeed-sample/tableS_cross_dataset_detection_stress_severity.csv
phenobench,CropAndWeed-sample,RT-DETR-L,representative_cross_dataset_detection_severity,low_resolution,0.5,low_resolution_0.5,0.23238458632523035,0.20085177499263157,0.1035822548052477,0.05138587750000386,outputs/revision/cross_dataset_detection_stress_severity_full/rtdetr_l_phenobench_seed1_to_CropAndWeed-sample/tableS_cross_dataset_detection_stress_severity.csv
phenobench,CropAndWeed-sample,RT-DETR-L,representative_cross_dataset_detection_severity,low_resolution,0.25,low_resolution_0.25,0.2344499370095442,0.20752742203283853,0.10595473096759957,0.05095577964087396,outputs/revision/cross_dataset_detection_stress_severity_full/rtdetr_l_phenobench_seed1_to_CropAndWeed-sample/tableS_cross_dataset_detection_stress_severity.csv
phenobench,CropAndWeed-sample,RT-DETR-L,representative_cross_dataset_detection_severity,clean,clean,clean,0.2605406262549639,0.21737800971593227,0.12112508216122139,0.05715580482885181,outputs/revision/cross_dataset_detection_stress_severity_full/rtdetr_l_phenobench_seed2_to_CropAndWeed-sample/tableS_cross_dataset_detection_stress_severity.csv
phenobench,CropAndWeed-sample,RT-DETR-L,representative_cross_dataset_detection_severity,blur,3,gaussian_blur_3,0.2713918461296779,0.18863125190064872,0.10829197325622436,0.052060584049899036,outputs/revision/cross_dataset_detection_stress_severity_full/rtdetr_l_phenobench_seed2_to_CropAndWeed-sample/tableS_cross_dataset_detection_stress_severity.csv
phenobench,CropAndWeed-sample,RT-DETR-L,representative_cross_dataset_detection_severity,blur,5,gaussian_blur_5,0.2751301379045418,0.17614384343706205,0.09608265507426554,0.048249701072065276,outputs/revision/cross_dataset_detection_stress_severity_full/rtdetr_l_phenobench_seed2_to_CropAndWeed-sample/tableS_cross_dataset_detection_stress_severity.csv
phenobench,CropAndWeed-sample,RT-DETR-L,representative_cross_dataset_detection_severity,blur,7,gaussian_blur_7,0.3254990595860841,0.14512743086489596,0.08545323596830176,0.042824970550242765,outputs/revision/cross_dataset_detection_stress_severity_full/rtdetr_l_phenobench_seed2_to_CropAndWeed-sample/tableS_cross_dataset_detection_stress_severity.csv
phenobench,CropAndWeed-sample,RT-DETR-L,representative_cross_dataset_detection_severity,jpeg,70,jpeg_quality_70,0.26864650153790026,0.21753415982210095,0.11967272667786358,0.05612177739502237,outputs/revision/cross_dataset_detection_stress_severity_full/rtdetr_l_phenobench_seed2_to_CropAndWeed-sample/tableS_cross_dataset_detection_stress_severity.csv
phenobench,CropAndWeed-sample,RT-DETR-L,representative_cross_dataset_detection_severity,jpeg,50,jpeg_quality_50,0.2855246403325976,0.20846064264592384,0.1147533544290735,0.05265793430113116,outputs/revision/cross_dataset_detection_stress_severity_full/rtdetr_l_phenobench_seed2_to_CropAndWeed-sample/tableS_cross_dataset_detection_stress_severity.csv
phenobench,CropAndWeed-sample,RT-DETR-L,representative_cross_dataset_detection_severity,jpeg,30,jpeg_quality_30,0.29270126042257705,0.15359349318242113,0.08876032898493542,0.041522608213934435,outputs/revision/cross_dataset_detection_stress_severity_full/rtdetr_l_phenobench_seed2_to_CropAndWeed-sample/tableS_cross_dataset_detection_stress_severity.csv
phenobench,CropAndWeed-sample,RT-DETR-L,representative_cross_dataset_detection_severity,low_resolution,0.75,low_resolution_0.75,0.27079343696241065,0.2191138937296072,0.1227628326194521,0.05798015449178469,outputs/revision/cross_dataset_detection_stress_severity_full/rtdetr_l_phenobench_seed2_to_CropAndWeed-sample/tableS_cross_dataset_detection_stress_severity.csv
phenobench,CropAndWeed-sample,RT-DETR-L,representative_cross_dataset_detection_severity,low_resolution,0.5,low_resolution_0.5,0.2663336789772408,0.22144242886931936,0.11812078734358722,0.054843533941378794,outputs/revision/cross_dataset_detection_stress_severity_full/rtdetr_l_phenobench_seed2_to_CropAndWeed-sample/tableS_cross_dataset_detection_stress_severity.csv
phenobench,CropAndWeed-sample,RT-DETR-L,representative_cross_dataset_detection_severity,low_resolution,0.25,low_resolution_0.25,0.27819415114058416,0.1996950765628978,0.11305102830656695,0.05304328982407408,outputs/revision/cross_dataset_detection_stress_severity_full/rtdetr_l_phenobench_seed2_to_CropAndWeed-sample/tableS_cross_dataset_detection_stress_severity.csv
cropandweed,PhenoBench-val,YOLO11m,representative_cross_dataset_detection_severity,clean,clean,clean,0.4687154898511876,0.2678443576485317,0.34002086629739037,0.2745693981041588,outputs/revision/cross_dataset_detection_stress_severity_full/yolo11m_cropandweed_seed0_to_PhenoBench-val/tableS_cross_dataset_detection_stress_severity.csv
cropandweed,PhenoBench-val,YOLO11m,representative_cross_dataset_detection_severity,blur,3,gaussian_blur_3,0.460981951752003,0.21280575761236825,0.24195046812722928,0.19282622879186512,outputs/revision/cross_dataset_detection_stress_severity_full/yolo11m_cropandweed_seed0_to_PhenoBench-val/tableS_cross_dataset_detection_stress_severity.csv
cropandweed,PhenoBench-val,YOLO11m,representative_cross_dataset_detection_severity,blur,5,gaussian_blur_5,0.44838082555117764,0.18959640136036562,0.2111937173897019,0.14978132839627048,outputs/revision/cross_dataset_detection_stress_severity_full/yolo11m_cropandweed_seed0_to_PhenoBench-val/tableS_cross_dataset_detection_stress_severity.csv
cropandweed,PhenoBench-val,YOLO11m,representative_cross_dataset_detection_severity,blur,7,gaussian_blur_7,0.20896084337349397,0.11216653193209378,0.0865962655891597,0.045681189179396474,outputs/revision/cross_dataset_detection_stress_severity_full/yolo11m_cropandweed_seed0_to_PhenoBench-val/tableS_cross_dataset_detection_stress_severity.csv
cropandweed,PhenoBench-val,YOLO11m,representative_cross_dataset_detection_severity,jpeg,70,jpeg_quality_70,0.4221678991649945,0.15339531123686337,0.1973622887017398,0.17227700136167928,outputs/revision/cross_dataset_detection_stress_severity_full/yolo11m_cropandweed_seed0_to_PhenoBench-val/tableS_cross_dataset_detection_stress_severity.csv
cropandweed,PhenoBench-val,YOLO11m,representative_cross_dataset_detection_severity,jpeg,50,jpeg_quality_50,0.2266862903244962,0.14498933340036277,0.14583902459128614,0.12475464284587642,outputs/revision/cross_dataset_detection_stress_severity_full/yolo11m_cropandweed_seed0_to_PhenoBench-val/tableS_cross_dataset_detection_stress_severity.csv
cropandweed,PhenoBench-val,YOLO11m,representative_cross_dataset_detection_severity,jpeg,30,jpeg_quality_30,0.06476502270266501,0.19433908029667013,0.04164262320467871,0.03265079956551416,outputs/revision/cross_dataset_detection_stress_severity_full/yolo11m_cropandweed_seed0_to_PhenoBench-val/tableS_cross_dataset_detection_stress_severity.csv
cropandweed,PhenoBench-val,YOLO11m,representative_cross_dataset_detection_severity,low_resolution,0.75,low_resolution_0.75,0.4738036191047863,0.24749207201231826,0.3061367072611662,0.25056878576648656,outputs/revision/cross_dataset_detection_stress_severity_full/yolo11m_cropandweed_seed0_to_PhenoBench-val/tableS_cross_dataset_detection_stress_severity.csv
cropandweed,PhenoBench-val,YOLO11m,representative_cross_dataset_detection_severity,low_resolution,0.5,low_resolution_0.5,0.5257364342911216,0.24175735706300136,0.27719274810612776,0.23014442906301116,outputs/revision/cross_dataset_detection_stress_severity_full/yolo11m_cropandweed_seed0_to_PhenoBench-val/tableS_cross_dataset_detection_stress_severity.csv
cropandweed,PhenoBench-val,YOLO11m,representative_cross_dataset_detection_severity,low_resolution,0.25,low_resolution_0.25,0.31950167995219464,0.32824240709193064,0.25148645614498877,0.20678382205413176,outputs/revision/cross_dataset_detection_stress_severity_full/yolo11m_cropandweed_seed0_to_PhenoBench-val/tableS_cross_dataset_detection_stress_severity.csv
cropandweed,PhenoBench-val,YOLO11m,representative_cross_dataset_detection_severity,clean,clean,clean,0.2635946639618469,0.5766533634857686,0.35017058852312233,0.28109435692090184,outputs/revision/cross_dataset_detection_stress_severity_full/yolo11m_cropandweed_seed1_to_PhenoBench-val/tableS_cross_dataset_detection_stress_severity.csv
cropandweed,PhenoBench-val,YOLO11m,representative_cross_dataset_detection_severity,blur,3,gaussian_blur_3,0.4470945144557958,0.21371896611418734,0.2316658479938856,0.19455531420827707,outputs/revision/cross_dataset_detection_stress_severity_full/yolo11m_cropandweed_seed1_to_PhenoBench-val/tableS_cross_dataset_detection_stress_severity.csv
cropandweed,PhenoBench-val,YOLO11m,representative_cross_dataset_detection_severity,blur,5,gaussian_blur_5,0.20590338939885086,0.15905416329830235,0.12273203353708521,0.0927818061737066,outputs/revision/cross_dataset_detection_stress_severity_full/yolo11m_cropandweed_seed1_to_PhenoBench-val/tableS_cross_dataset_detection_stress_severity.csv
cropandweed,PhenoBench-val,YOLO11m,representative_cross_dataset_detection_severity,blur,7,gaussian_blur_7,0.05137877211238293,0.07983023443815683,0.008752694033481792,0.004542647000626411,outputs/revision/cross_dataset_detection_stress_severity_full/yolo11m_cropandweed_seed1_to_PhenoBench-val/tableS_cross_dataset_detection_stress_severity.csv
cropandweed,PhenoBench-val,YOLO11m,representative_cross_dataset_detection_severity,jpeg,70,jpeg_quality_70,0.3164185358157634,0.18089232346654804,0.19092806053365532,0.16672752322934195,outputs/revision/cross_dataset_detection_stress_severity_full/yolo11m_cropandweed_seed1_to_PhenoBench-val/tableS_cross_dataset_detection_stress_severity.csv
cropandweed,PhenoBench-val,YOLO11m,representative_cross_dataset_detection_severity,jpeg,50,jpeg_quality_50,0.2558347063897723,0.1346671380349618,0.13156108165470023,0.11313181376764456,outputs/revision/cross_dataset_detection_stress_severity_full/yolo11m_cropandweed_seed1_to_PhenoBench-val/tableS_cross_dataset_detection_stress_severity.csv
cropandweed,PhenoBench-val,YOLO11m,representative_cross_dataset_detection_severity,jpeg,30,jpeg_quality_30,0.060994939469382434,0.20919731709274955,0.034376438025239514,0.026899093234376448,outputs/revision/cross_dataset_detection_stress_severity_full/yolo11m_cropandweed_seed1_to_PhenoBench-val/tableS_cross_dataset_detection_stress_severity.csv
cropandweed,PhenoBench-val,YOLO11m,representative_cross_dataset_detection_severity,low_resolution,0.75,low_resolution_0.75,0.2898894169390963,0.506217115371985,0.2959954198575226,0.24562605030835155,outputs/revision/cross_dataset_detection_stress_severity_full/yolo11m_cropandweed_seed1_to_PhenoBench-val/tableS_cross_dataset_detection_stress_severity.csv
cropandweed,PhenoBench-val,YOLO11m,representative_cross_dataset_detection_severity,low_resolution,0.5,low_resolution_0.5,0.5365601588349248,0.24438454008871693,0.2634917990007061,0.22443032397334806,outputs/revision/cross_dataset_detection_stress_severity_full/yolo11m_cropandweed_seed1_to_PhenoBench-val/tableS_cross_dataset_detection_stress_severity.csv
cropandweed,PhenoBench-val,YOLO11m,representative_cross_dataset_detection_severity,low_resolution,0.25,low_resolution_0.25,0.4752388812816385,0.21966972056022555,0.23661734498614445,0.20378019650150092,outputs/revision/cross_dataset_detection_stress_severity_full/yolo11m_cropandweed_seed1_to_PhenoBench-val/tableS_cross_dataset_detection_stress_severity.csv
cropandweed,PhenoBench-val,YOLO11m,representative_cross_dataset_detection_severity,clean,clean,clean,0.41743120466120165,0.3544929452869522,0.35836899554982987,0.284989606621231,outputs/revision/cross_dataset_detection_stress_severity_full/yolo11m_cropandweed_seed2_to_PhenoBench-val/tableS_cross_dataset_detection_stress_severity.csv
cropandweed,PhenoBench-val,YOLO11m,representative_cross_dataset_detection_severity,blur,3,gaussian_blur_3,0.46707334356751934,0.2222970447316079,0.26964020375901177,0.21287591255956043,outputs/revision/cross_dataset_detection_stress_severity_full/yolo11m_cropandweed_seed2_to_PhenoBench-val/tableS_cross_dataset_detection_stress_severity.csv
cropandweed,PhenoBench-val,YOLO11m,representative_cross_dataset_detection_severity,blur,5,gaussian_blur_5,0.43987814609033277,0.19666270306079517,0.21443526770357327,0.1706757676464721,outputs/revision/cross_dataset_detection_stress_severity_full/yolo11m_cropandweed_seed2_to_PhenoBench-val/tableS_cross_dataset_detection_stress_severity.csv
cropandweed,PhenoBench-val,YOLO11m,representative_cross_dataset_detection_severity,blur,7,gaussian_blur_7,0.4158200962890561,0.15359741309620048,0.17009558243739373,0.12034669701846226,outputs/revision/cross_dataset_detection_stress_severity_full/yolo11m_cropandweed_seed2_to_PhenoBench-val/tableS_cross_dataset_detection_stress_severity.csv
cropandweed,PhenoBench-val,YOLO11m,representative_cross_dataset_detection_severity,jpeg,70,jpeg_quality_70,0.41981935916420576,0.20264066248867865,0.22978715774853564,0.19665492807987078,outputs/revision/cross_dataset_detection_stress_severity_full/yolo11m_cropandweed_seed2_to_PhenoBench-val/tableS_cross_dataset_detection_stress_severity.csv
cropandweed,PhenoBench-val,YOLO11m,representative_cross_dataset_detection_severity,jpeg,50,jpeg_quality_50,0.3716536579789424,0.17597071732578495,0.1895598323224229,0.16270004438437843,outputs/revision/cross_dataset_detection_stress_severity_full/yolo11m_cropandweed_seed2_to_PhenoBench-val/tableS_cross_dataset_detection_stress_severity.csv
cropandweed,PhenoBench-val,YOLO11m,representative_cross_dataset_detection_severity,jpeg,30,jpeg_quality_30,0.15330834341086697,0.1852221985276768,0.09984736744413528,0.08094428280596787,outputs/revision/cross_dataset_detection_stress_severity_full/yolo11m_cropandweed_seed2_to_PhenoBench-val/tableS_cross_dataset_detection_stress_severity.csv
cropandweed,PhenoBench-val,YOLO11m,representative_cross_dataset_detection_severity,low_resolution,0.75,low_resolution_0.75,0.5318928802521458,0.2594758811600525,0.3189782349604606,0.2611662624807336,outputs/revision/cross_dataset_detection_stress_severity_full/yolo11m_cropandweed_seed2_to_PhenoBench-val/tableS_cross_dataset_detection_stress_severity.csv
cropandweed,PhenoBench-val,YOLO11m,representative_cross_dataset_detection_severity,low_resolution,0.5,low_resolution_0.5,0.5594410598773073,0.2459875584716964,0.29408982664478517,0.2426451123239468,outputs/revision/cross_dataset_detection_stress_severity_full/yolo11m_cropandweed_seed2_to_PhenoBench-val/tableS_cross_dataset_detection_stress_severity.csv
cropandweed,PhenoBench-val,YOLO11m,representative_cross_dataset_detection_severity,low_resolution,0.25,low_resolution_0.25,0.4723699654994761,0.24752029461996544,0.27166566139390624,0.22080461489935152,outputs/revision/cross_dataset_detection_stress_severity_full/yolo11m_cropandweed_seed2_to_PhenoBench-val/tableS_cross_dataset_detection_stress_severity.csv
PhenoBench,CropAndWeed-sample,YOLO11m,representative_cross_dataset_detection_severity,clean,clean,clean,0.3253840701998197,0.24382717804725218,0.15301157794286174,0.0747086911864134,outputs/revision/cross_dataset_detection_stress_severity_full/yolo11m_pb_seed0_to_cropandweed/tableS_cross_dataset_detection_stress_severity.csv
PhenoBench,CropAndWeed-sample,YOLO11m,representative_cross_dataset_detection_severity,blur,3,gaussian_blur_3,0.31601429211902987,0.27127622560687775,0.15295133851064857,0.07381509706371807,outputs/revision/cross_dataset_detection_stress_severity_full/yolo11m_pb_seed0_to_cropandweed/tableS_cross_dataset_detection_stress_severity.csv
PhenoBench,CropAndWeed-sample,YOLO11m,representative_cross_dataset_detection_severity,blur,5,gaussian_blur_5,0.29816013982025286,0.23276502612315167,0.12448583159057931,0.058249915156875734,outputs/revision/cross_dataset_detection_stress_severity_full/yolo11m_pb_seed0_to_cropandweed/tableS_cross_dataset_detection_stress_severity.csv
PhenoBench,CropAndWeed-sample,YOLO11m,representative_cross_dataset_detection_severity,blur,7,gaussian_blur_7,0.2548448094975276,0.19021734221311953,0.09600009096691231,0.043856160777099744,outputs/revision/cross_dataset_detection_stress_severity_full/yolo11m_pb_seed0_to_cropandweed/tableS_cross_dataset_detection_stress_severity.csv
PhenoBench,CropAndWeed-sample,YOLO11m,representative_cross_dataset_detection_severity,jpeg,70,jpeg_quality_70,0.29618898725713394,0.20652623570602985,0.11918247854882669,0.05334076632971112,outputs/revision/cross_dataset_detection_stress_severity_full/yolo11m_pb_seed0_to_cropandweed/tableS_cross_dataset_detection_stress_severity.csv
PhenoBench,CropAndWeed-sample,YOLO11m,representative_cross_dataset_detection_severity,jpeg,50,jpeg_quality_50,0.26226187370596044,0.15832290938677085,0.08081548186942866,0.038626433105652634,outputs/revision/cross_dataset_detection_stress_severity_full/yolo11m_pb_seed0_to_cropandweed/tableS_cross_dataset_detection_stress_severity.csv
PhenoBench,CropAndWeed-sample,YOLO11m,representative_cross_dataset_detection_severity,jpeg,30,jpeg_quality_30,0.19363022582423808,0.13128476995334065,0.051609777084695496,0.024134701489699026,outputs/revision/cross_dataset_detection_stress_severity_full/yolo11m_pb_seed0_to_cropandweed/tableS_cross_dataset_detection_stress_severity.csv
PhenoBench,CropAndWeed-sample,YOLO11m,representative_cross_dataset_detection_severity,low_resolution,0.75,low_resolution_0.75,0.31830623493475363,0.264840198306453,0.16131608392531888,0.07823472104193072,outputs/revision/cross_dataset_detection_stress_severity_full/yolo11m_pb_seed0_to_cropandweed/tableS_cross_dataset_detection_stress_severity.csv
PhenoBench,CropAndWeed-sample,YOLO11m,representative_cross_dataset_detection_severity,low_resolution,0.5,low_resolution_0.5,0.3220726469020576,0.273476879915132,0.16359459951031216,0.07924829449159852,outputs/revision/cross_dataset_detection_stress_severity_full/yolo11m_pb_seed0_to_cropandweed/tableS_cross_dataset_detection_stress_severity.csv
PhenoBench,CropAndWeed-sample,YOLO11m,representative_cross_dataset_detection_severity,low_resolution,0.25,low_resolution_0.25,0.33392764882549475,0.27307317758736716,0.164099637214765,0.0798543644884084,outputs/revision/cross_dataset_detection_stress_severity_full/yolo11m_pb_seed0_to_cropandweed/tableS_cross_dataset_detection_stress_severity.csv
phenobench,CropAndWeed-sample,YOLO11m,representative_cross_dataset_detection_severity,clean,clean,clean,0.3253840701998197,0.24382717804725218,0.15301157794286174,0.0747086911864134,outputs/revision/cross_dataset_detection_stress_severity_full/yolo11m_phenobench_seed0_to_CropAndWeed-sample/tableS_cross_dataset_detection_stress_severity.csv
phenobench,CropAndWeed-sample,YOLO11m,representative_cross_dataset_detection_severity,blur,3,gaussian_blur_3,0.31601429211902987,0.27127622560687775,0.15295133851064857,0.07381509706371807,outputs/revision/cross_dataset_detection_stress_severity_full/yolo11m_phenobench_seed0_to_CropAndWeed-sample/tableS_cross_dataset_detection_stress_severity.csv
phenobench,CropAndWeed-sample,YOLO11m,representative_cross_dataset_detection_severity,blur,5,gaussian_blur_5,0.29816013982025286,0.23276502612315167,0.12448583159057931,0.058249915156875734,outputs/revision/cross_dataset_detection_stress_severity_full/yolo11m_phenobench_seed0_to_CropAndWeed-sample/tableS_cross_dataset_detection_stress_severity.csv
phenobench,CropAndWeed-sample,YOLO11m,representative_cross_dataset_detection_severity,blur,7,gaussian_blur_7,0.2548448094975276,0.19021734221311953,0.09600009096691231,0.043856160777099744,outputs/revision/cross_dataset_detection_stress_severity_full/yolo11m_phenobench_seed0_to_CropAndWeed-sample/tableS_cross_dataset_detection_stress_severity.csv
phenobench,CropAndWeed-sample,YOLO11m,representative_cross_dataset_detection_severity,jpeg,70,jpeg_quality_70,0.29618898725713394,0.20652623570602985,0.11918247854882669,0.05334076632971112,outputs/revision/cross_dataset_detection_stress_severity_full/yolo11m_phenobench_seed0_to_CropAndWeed-sample/tableS_cross_dataset_detection_stress_severity.csv
phenobench,CropAndWeed-sample,YOLO11m,representative_cross_dataset_detection_severity,jpeg,50,jpeg_quality_50,0.26226187370596044,0.15832290938677085,0.08081548186942866,0.038626433105652634,outputs/revision/cross_dataset_detection_stress_severity_full/yolo11m_phenobench_seed0_to_CropAndWeed-sample/tableS_cross_dataset_detection_stress_severity.csv
phenobench,CropAndWeed-sample,YOLO11m,representative_cross_dataset_detection_severity,jpeg,30,jpeg_quality_30,0.19363022582423808,0.13128476995334065,0.051609777084695496,0.024134701489699026,outputs/revision/cross_dataset_detection_stress_severity_full/yolo11m_phenobench_seed0_to_CropAndWeed-sample/tableS_cross_dataset_detection_stress_severity.csv
phenobench,CropAndWeed-sample,YOLO11m,representative_cross_dataset_detection_severity,low_resolution,0.75,low_resolution_0.75,0.31830623493475363,0.264840198306453,0.16131608392531888,0.07823472104193072,outputs/revision/cross_dataset_detection_stress_severity_full/yolo11m_phenobench_seed0_to_CropAndWeed-sample/tableS_cross_dataset_detection_stress_severity.csv
phenobench,CropAndWeed-sample,YOLO11m,representative_cross_dataset_detection_severity,low_resolution,0.5,low_resolution_0.5,0.3220726469020576,0.273476879915132,0.16359459951031216,0.07924829449159852,outputs/revision/cross_dataset_detection_stress_severity_full/yolo11m_phenobench_seed0_to_CropAndWeed-sample/tableS_cross_dataset_detection_stress_severity.csv
phenobench,CropAndWeed-sample,YOLO11m,representative_cross_dataset_detection_severity,low_resolution,0.25,low_resolution_0.25,0.33392764882549475,0.27307317758736716,0.164099637214765,0.0798543644884084,outputs/revision/cross_dataset_detection_stress_severity_full/yolo11m_phenobench_seed0_to_CropAndWeed-sample/tableS_cross_dataset_detection_stress_severity.csv
phenobench,CropAndWeed-sample,YOLO11m,representative_cross_dataset_detection_severity,clean,clean,clean,0.26315554374564465,0.24020162620424523,0.13581966771177792,0.06356418445896411,outputs/revision/cross_dataset_detection_stress_severity_full/yolo11m_phenobench_seed1_to_CropAndWeed-sample/tableS_cross_dataset_detection_stress_severity.csv
phenobench,CropAndWeed-sample,YOLO11m,representative_cross_dataset_detection_severity,blur,3,gaussian_blur_3,0.3458872360125789,0.2836811680797401,0.16585931655805503,0.07964147312049798,outputs/revision/cross_dataset_detection_stress_severity_full/yolo11m_phenobench_seed1_to_CropAndWeed-sample/tableS_cross_dataset_detection_stress_severity.csv
phenobench,CropAndWeed-sample,YOLO11m,representative_cross_dataset_detection_severity,blur,5,gaussian_blur_5,0.302945065682605,0.25238172821283655,0.13529617183156875,0.06243190840651926,outputs/revision/cross_dataset_detection_stress_severity_full/yolo11m_phenobench_seed1_to_CropAndWeed-sample/tableS_cross_dataset_detection_stress_severity.csv
phenobench,CropAndWeed-sample,YOLO11m,representative_cross_dataset_detection_severity,blur,7,gaussian_blur_7,0.25342847948948577,0.20952341682861558,0.10808861848102949,0.04982611888049686,outputs/revision/cross_dataset_detection_stress_severity_full/yolo11m_phenobench_seed1_to_CropAndWeed-sample/tableS_cross_dataset_detection_stress_severity.csv
phenobench,CropAndWeed-sample,YOLO11m,representative_cross_dataset_detection_severity,jpeg,70,jpeg_quality_70,0.26618228227430096,0.20747422895971412,0.11659121433726621,0.05244611829990179,outputs/revision/cross_dataset_detection_stress_severity_full/yolo11m_phenobench_seed1_to_CropAndWeed-sample/tableS_cross_dataset_detection_stress_severity.csv
phenobench,CropAndWeed-sample,YOLO11m,representative_cross_dataset_detection_severity,jpeg,50,jpeg_quality_50,0.22259851341457887,0.1795893494754795,0.0853382099553266,0.03830041498148729,outputs/revision/cross_dataset_detection_stress_severity_full/yolo11m_phenobench_seed1_to_CropAndWeed-sample/tableS_cross_dataset_detection_stress_severity.csv
phenobench,CropAndWeed-sample,YOLO11m,representative_cross_dataset_detection_severity,jpeg,30,jpeg_quality_30,0.18414718667313318,0.12318420092127727,0.05683333470734945,0.026238232269986624,outputs/revision/cross_dataset_detection_stress_severity_full/yolo11m_phenobench_seed1_to_CropAndWeed-sample/tableS_cross_dataset_detection_stress_severity.csv
phenobench,CropAndWeed-sample,YOLO11m,representative_cross_dataset_detection_severity,low_resolution,0.75,low_resolution_0.75,0.29717485110818664,0.2554550500131979,0.1502870381409874,0.07146340228845624,outputs/revision/cross_dataset_detection_stress_severity_full/yolo11m_phenobench_seed1_to_CropAndWeed-sample/tableS_cross_dataset_detection_stress_severity.csv
phenobench,CropAndWeed-sample,YOLO11m,representative_cross_dataset_detection_severity,low_resolution,0.5,low_resolution_0.5,0.32027653049315674,0.26297743710420923,0.15980055812728955,0.07589605194217597,outputs/revision/cross_dataset_detection_stress_severity_full/yolo11m_phenobench_seed1_to_CropAndWeed-sample/tableS_cross_dataset_detection_stress_severity.csv
phenobench,CropAndWeed-sample,YOLO11m,representative_cross_dataset_detection_severity,low_resolution,0.25,low_resolution_0.25,0.3489267265066103,0.2898055642630869,0.1715147719158853,0.08025966119669645,outputs/revision/cross_dataset_detection_stress_severity_full/yolo11m_phenobench_seed1_to_CropAndWeed-sample/tableS_cross_dataset_detection_stress_severity.csv
phenobench,CropAndWeed-sample,YOLO11m,representative_cross_dataset_detection_severity,clean,clean,clean,0.2942589290163482,0.24214549074959074,0.15375061504026083,0.07509692875848112,outputs/revision/cross_dataset_detection_stress_severity_full/yolo11m_phenobench_seed2_to_CropAndWeed-sample/tableS_cross_dataset_detection_stress_severity.csv
phenobench,CropAndWeed-sample,YOLO11m,representative_cross_dataset_detection_severity,blur,3,gaussian_blur_3,0.35744719338509423,0.28802560359919727,0.17529740270709696,0.08238777440160663,outputs/revision/cross_dataset_detection_stress_severity_full/yolo11m_phenobench_seed2_to_CropAndWeed-sample/tableS_cross_dataset_detection_stress_severity.csv
phenobench,CropAndWeed-sample,YOLO11m,representative_cross_dataset_detection_severity,blur,5,gaussian_blur_5,0.3471977727597654,0.26026726675590167,0.15537623333011924,0.07406551884308335,outputs/revision/cross_dataset_detection_stress_severity_full/yolo11m_phenobench_seed2_to_CropAndWeed-sample/tableS_cross_dataset_detection_stress_severity.csv
phenobench,CropAndWeed-sample,YOLO11m,representative_cross_dataset_detection_severity,blur,7,gaussian_blur_7,0.31969204996158457,0.21160831765698898,0.12477182434478704,0.06237240013209884,outputs/revision/cross_dataset_detection_stress_severity_full/yolo11m_phenobench_seed2_to_CropAndWeed-sample/tableS_cross_dataset_detection_stress_severity.csv
phenobench,CropAndWeed-sample,YOLO11m,representative_cross_dataset_detection_severity,jpeg,70,jpeg_quality_70,0.2801453414172118,0.2527028103004539,0.14282818039132147,0.06755884865426452,outputs/revision/cross_dataset_detection_stress_severity_full/yolo11m_phenobench_seed2_to_CropAndWeed-sample/tableS_cross_dataset_detection_stress_severity.csv
phenobench,CropAndWeed-sample,YOLO11m,representative_cross_dataset_detection_severity,jpeg,50,jpeg_quality_50,0.24689380328146387,0.22113514687142766,0.12024821495741711,0.05669658262949713,outputs/revision/cross_dataset_detection_stress_severity_full/yolo11m_phenobench_seed2_to_CropAndWeed-sample/tableS_cross_dataset_detection_stress_severity.csv
phenobench,CropAndWeed-sample,YOLO11m,representative_cross_dataset_detection_severity,jpeg,30,jpeg_quality_30,0.2237206640737712,0.1978932030292619,0.09815797788096361,0.045400892493185054,outputs/revision/cross_dataset_detection_stress_severity_full/yolo11m_phenobench_seed2_to_CropAndWeed-sample/tableS_cross_dataset_detection_stress_severity.csv
phenobench,CropAndWeed-sample,YOLO11m,representative_cross_dataset_detection_severity,low_resolution,0.75,low_resolution_0.75,0.29791471701101596,0.25890765914812447,0.16345860396544443,0.08025380725445076,outputs/revision/cross_dataset_detection_stress_severity_full/yolo11m_phenobench_seed2_to_CropAndWeed-sample/tableS_cross_dataset_detection_stress_severity.csv
phenobench,CropAndWeed-sample,YOLO11m,representative_cross_dataset_detection_severity,low_resolution,0.5,low_resolution_0.5,0.30671885951591304,0.2670822528838842,0.16767119190223845,0.08123262374112591,outputs/revision/cross_dataset_detection_stress_severity_full/yolo11m_phenobench_seed2_to_CropAndWeed-sample/tableS_cross_dataset_detection_stress_severity.csv
phenobench,CropAndWeed-sample,YOLO11m,representative_cross_dataset_detection_severity,low_resolution,0.25,low_resolution_0.25,0.3356794621593552,0.28942499131920385,0.17667112305743637,0.08454969394774525,outputs/revision/cross_dataset_detection_stress_severity_full/yolo11m_phenobench_seed2_to_CropAndWeed-sample/tableS_cross_dataset_detection_stress_severity.csv
