sample_id,object_id,label,label_id,x_min,y_min,x_max,y_max,area,source
cwfid_001,0,weed,2,810,114,1175,422,67026.5,cwfid_polygon_extent
cwfid_001,1,weed,2,637,476,1070,748,68852.5,cwfid_polygon_extent
cwfid_001,2,crop,1,1095,872,1177,948,4132.0,cwfid_polygon_extent
cwfid_001,3,weed,2,708,736,925,918,25932.0,cwfid_polygon_extent
cwfid_001,4,weed,2,550,632,762,877,30211.0,cwfid_polygon_extent
cwfid_001,5,weed,2,359,569,512,781,15507.0,cwfid_polygon_extent
cwfid_001,6,weed,2,338,580,454,739,12218.5,cwfid_polygon_extent
cwfid_001,7,weed,2,468,755,580,893,9939.5,cwfid_polygon_extent
cwfid_001,8,weed,2,643,271,762,370,7107.0,cwfid_polygon_extent
cwfid_001,9,crop,1,758,233,882,462,15716.0,cwfid_polygon_extent
cwfid_001,10,crop,1,669,1,940,217,38795.0,cwfid_polygon_extent
cwfid_001,11,weed,2,873,1,970,147,10400.5,cwfid_polygon_extent
cwfid_001,12,weed,2,507,514,585,622,6085.0,cwfid_polygon_extent
cwfid_001,13,weed,2,276,315,566,533,36479.5,cwfid_polygon_extent
cwfid_001,14,weed,2,274,197,539,407,29935.0,cwfid_polygon_extent
cwfid_001,15,weed,2,452,89,737,483,60324.5,cwfid_polygon_extent
cwfid_001,16,weed,2,569,481,678,605,8495.5,cwfid_polygon_extent
cwfid_002,0,weed,2,380,320,696,685,69152.5,cwfid_polygon_extent
cwfid_002,1,weed,2,599,221,750,352,12089.0,cwfid_polygon_extent
cwfid_002,2,weed,2,1114,246,1249,412,15062.5,cwfid_polygon_extent
cwfid_002,3,weed,2,851,440,1245,840,84404.5,cwfid_polygon_extent
cwfid_002,4,crop,1,789,465,878,576,6057.0,cwfid_polygon_extent
cwfid_002,5,weed,2,457,0,746,251,44376.0,cwfid_polygon_extent
cwfid_002,6,crop,1,737,1,928,170,20475.0,cwfid_polygon_extent
cwfid_002,7,weed,2,797,37,1004,269,29562.0,cwfid_polygon_extent
cwfid_002,8,weed,2,2,182,127,321,12785.0,cwfid_polygon_extent
cwfid_002,9,weed,2,789,631,930,787,12077.5,cwfid_polygon_extent
cwfid_002,10,weed,2,1227,671,1295,762,4204.5,cwfid_polygon_extent
cwfid_002,11,weed,2,687,740,867,909,13831.5,cwfid_polygon_extent
cwfid_003,0,weed,2,1131,763,1294,950,22826.0,cwfid_polygon_extent
cwfid_003,1,weed,2,727,619,1047,895,50681.5,cwfid_polygon_extent
cwfid_003,2,weed,2,804,459,1134,610,32623.0,cwfid_polygon_extent
cwfid_003,3,crop,1,614,346,873,454,14387.5,cwfid_polygon_extent
cwfid_003,4,crop,1,693,2,941,271,51049.5,cwfid_polygon_extent
cwfid_003,5,weed,2,555,140,691,326,16557.0,cwfid_polygon_extent
cwfid_003,6,weed,2,531,835,674,965,10943.5,cwfid_polygon_extent
cwfid_003,7,weed,2,675,433,851,606,22310.5,cwfid_polygon_extent
cwfid_004,0,weed,2,813,321,974,484,16860.0,cwfid_polygon_extent
cwfid_004,1,weed,2,728,872,887,965,9304.5,cwfid_polygon_extent
cwfid_004,2,weed,2,8,597,184,773,25783.5,cwfid_polygon_extent
cwfid_004,3,weed,2,563,735,749,890,19737.0,cwfid_polygon_extent
cwfid_004,4,weed,2,864,727,1000,850,6977.0,cwfid_polygon_extent
cwfid_004,5,weed,2,791,118,1124,440,54339.5,cwfid_polygon_extent
cwfid_004,6,weed,2,355,183,831,567,112391.0,cwfid_polygon_extent
cwfid_004,7,weed,2,0,174,269,496,55690.0,cwfid_polygon_extent
cwfid_004,8,crop,1,707,0,872,124,11372.5,cwfid_polygon_extent
cwfid_004,9,crop,1,760,97,925,231,14386.0,cwfid_polygon_extent
cwfid_004,10,weed,2,510,50,704,308,32576.5,cwfid_polygon_extent
cwfid_004,11,weed,2,676,79,819,289,16278.5,cwfid_polygon_extent
cwfid_005,0,weed,2,517,127,762,332,31681.5,cwfid_polygon_extent
cwfid_005,1,crop,1,810,247,972,398,14864.5,cwfid_polygon_extent
cwfid_005,2,crop,1,679,890,885,966,11452.0,cwfid_polygon_extent
cwfid_005,3,weed,2,665,0,948,177,27513.0,cwfid_polygon_extent
cwfid_005,4,weed,2,990,0,1148,139,15563.5,cwfid_polygon_extent
cwfid_005,5,weed,2,368,282,557,454,22664.0,cwfid_polygon_extent
cwfid_006,0,crop,1,723,734,898,857,12599.0,cwfid_polygon_extent
cwfid_006,1,crop,1,735,835,898,965,15512.0,cwfid_polygon_extent
cwfid_006,2,weed,2,563,333,747,510,19386.5,cwfid_polygon_extent
cwfid_006,3,weed,2,465,144,678,318,19089.5,cwfid_polygon_extent
cwfid_006,4,weed,2,647,192,758,322,8780.0,cwfid_polygon_extent
cwfid_006,5,crop,1,749,279,960,485,26797.5,cwfid_polygon_extent
cwfid_006,6,weed,2,680,1,837,293,23453.0,cwfid_polygon_extent
cwfid_006,7,crop,1,771,4,900,234,19599.0,cwfid_polygon_extent
cwfid_006,8,crop,1,625,581,784,721,15800.5,cwfid_polygon_extent
cwfid_006,9,weed,2,434,496,728,753,49338.5,cwfid_polygon_extent
cwfid_007,0,weed,2,994,322,1132,441,8741.5,cwfid_polygon_extent
cwfid_007,1,weed,2,831,788,919,928,7280.0,cwfid_polygon_extent
cwfid_007,2,crop,1,763,614,937,792,22988.0,cwfid_polygon_extent
cwfid_007,3,weed,2,333,629,563,831,34425.5,cwfid_polygon_extent
cwfid_007,4,weed,2,531,570,734,834,34502.5,cwfid_polygon_extent
cwfid_007,5,weed,2,734,0,1154,458,115441.5,cwfid_polygon_extent
cwfid_007,6,weed,2,312,256,692,595,62950.0,cwfid_polygon_extent
cwfid_007,7,weed,2,555,311,726,492,21421.0,cwfid_polygon_extent
cwfid_007,8,weed,2,669,461,778,644,10774.0,cwfid_polygon_extent
cwfid_007,9,weed,2,231,423,532,712,53322.5,cwfid_polygon_extent
cwfid_007,10,crop,1,615,0,777,205,21268.0,cwfid_polygon_extent
cwfid_007,11,crop,1,713,325,956,607,41101.0,cwfid_polygon_extent
cwfid_008,0,weed,2,335,576,645,896,57248.5,cwfid_polygon_extent
cwfid_008,1,weed,2,6,592,197,850,27412.0,cwfid_polygon_extent
cwfid_008,2,weed,2,817,607,1158,963,56468.0,cwfid_polygon_extent
cwfid_008,3,weed,2,740,887,906,964,9754.0,cwfid_polygon_extent
cwfid_008,4,crop,1,709,564,897,716,19807.0,cwfid_polygon_extent
cwfid_008,5,weed,2,700,779,813,870,7195.5,cwfid_polygon_extent
cwfid_008,6,crop,1,756,333,880,442,9792.0,cwfid_polygon_extent
cwfid_008,7,weed,2,557,64,963,478,95178.0,cwfid_polygon_extent
cwfid_009,0,weed,2,308,444,526,848,59954.5,cwfid_polygon_extent
cwfid_009,1,weed,2,457,650,457,650,0.0,cwfid_polygon_extent
cwfid_009,2,weed,2,456,469,929,957,120036.0,cwfid_polygon_extent
cwfid_009,3,weed,2,819,406,1032,667,37994.5,cwfid_polygon_extent
cwfid_009,4,crop,1,645,1,844,126,18988.5,cwfid_polygon_extent
cwfid_009,5,crop,1,671,91,844,233,17159.5,cwfid_polygon_extent
cwfid_009,6,crop,1,712,252,871,469,24023.0,cwfid_polygon_extent
cwfid_010,0,weed,2,600,128,752,261,11081.5,cwfid_polygon_extent
cwfid_010,1,weed,2,943,25,1112,321,30717.0,cwfid_polygon_extent
cwfid_010,2,weed,2,419,648,741,927,64524.0,cwfid_polygon_extent
cwfid_010,3,weed,2,574,2,704,85,7789.0,cwfid_polygon_extent
cwfid_010,4,weed,2,611,109,1017,566,112451.0,cwfid_polygon_extent
cwfid_010,5,crop,1,666,0,845,198,27860.0,cwfid_polygon_extent
cwfid_011,0,weed,2,862,296,1029,496,20860.5,cwfid_polygon_extent
cwfid_011,1,weed,2,230,609,524,965,67365.0,cwfid_polygon_extent
cwfid_011,2,weed,2,577,499,772,783,37607.5,cwfid_polygon_extent
cwfid_011,3,crop,1,679,389,846,513,16139.5,cwfid_polygon_extent
cwfid_011,4,crop,1,713,516,834,645,11750.0,cwfid_polygon_extent
cwfid_011,5,crop,1,719,666,868,856,18678.5,cwfid_polygon_extent
cwfid_011,6,weed,2,235,2,593,243,55985.5,cwfid_polygon_extent
cwfid_011,7,weed,2,683,65,1194,287,77131.0,cwfid_polygon_extent
cwfid_011,8,crop,1,695,841,871,965,14510.5,cwfid_polygon_extent
cwfid_012,0,crop,1,708,237,870,329,10277.0,cwfid_polygon_extent
cwfid_012,1,crop,1,716,789,820,883,7483.0,cwfid_polygon_extent
cwfid_012,2,weed,2,530,290,976,694,113964.5,cwfid_polygon_extent
cwfid_013,0,weed,2,548,310,707,474,20605.0,cwfid_polygon_extent
cwfid_013,1,weed,2,375,373,532,526,14146.0,cwfid_polygon_extent
cwfid_013,2,weed,2,84,280,270,567,35600.5,cwfid_polygon_extent
cwfid_013,3,weed,2,625,588,727,647,4576.0,cwfid_polygon_extent
cwfid_013,4,crop,1,706,157,845,337,15726.0,cwfid_polygon_extent
cwfid_013,5,crop,1,672,749,784,963,16035.5,cwfid_polygon_extent
cwfid_013,6,crop,1,685,641,833,782,13533.5,cwfid_polygon_extent
cwfid_013,7,crop,1,695,487,834,697,18466.0,cwfid_polygon_extent
cwfid_013,8,weed,2,675,306,869,487,24973.0,cwfid_polygon_extent
cwfid_013,9,weed,2,951,590,1295,960,88707.5,cwfid_polygon_extent
cwfid_014,0,weed,2,142,687,543,949,74549.0,cwfid_polygon_extent
cwfid_014,1,weed,2,885,804,1026,919,12461.0,cwfid_polygon_extent
cwfid_014,2,crop,1,694,402,828,580,14643.0,cwfid_polygon_extent
cwfid_014,3,weed,2,621,484,1158,911,106468.5,cwfid_polygon_extent
cwfid_015,0,weed,2,394,518,595,769,29509.5,cwfid_polygon_extent
cwfid_015,1,weed,2,864,300,1211,721,92322.0,cwfid_polygon_extent
cwfid_015,2,weed,2,561,577,703,662,8852.0,cwfid_polygon_extent
cwfid_015,3,crop,1,665,456,868,600,16101.5,cwfid_polygon_extent
cwfid_015,4,crop,1,664,760,868,966,31595.0,cwfid_polygon_extent
cwfid_016,0,weed,2,683,516,893,804,33599.5,cwfid_polygon_extent
cwfid_016,1,weed,2,542,5,695,164,14522.5,cwfid_polygon_extent
cwfid_016,2,weed,2,670,686,1036,965,53246.5,cwfid_polygon_extent
cwfid_016,3,crop,1,733,868,841,949,6854.0,cwfid_polygon_extent
cwfid_016,4,weed,2,461,402,727,658,40771.5,cwfid_polygon_extent
cwfid_016,5,crop,1,663,0,806,164,15953.0,cwfid_polygon_extent
cwfid_016,6,weed,2,442,22,921,422,99888.0,cwfid_polygon_extent
cwfid_017,0,weed,2,453,42,652,305,31372.0,cwfid_polygon_extent
cwfid_017,1,weed,2,684,379,933,562,36085.0,cwfid_polygon_extent
cwfid_017,2,weed,2,966,3,1140,148,18965.0,cwfid_polygon_extent
cwfid_017,3,weed,2,802,55,973,246,21620.0,cwfid_polygon_extent
cwfid_017,4,crop,1,740,80,832,219,8571.0,cwfid_polygon_extent
cwfid_017,5,crop,1,661,292,834,392,9882.0,cwfid_polygon_extent
cwfid_017,6,crop,1,617,588,866,749,27304.5,cwfid_polygon_extent
cwfid_017,7,crop,1,688,906,804,965,5193.5,cwfid_polygon_extent
cwfid_017,8,weed,2,330,326,397,408,3416.0,cwfid_polygon_extent
cwfid_018,0,weed,2,685,200,685,200,0.0,cwfid_polygon_extent
cwfid_018,1,weed,2,206,797,440,965,26705.0,cwfid_polygon_extent
cwfid_018,2,weed,2,539,1,773,150,23609.5,cwfid_polygon_extent
cwfid_018,3,crop,1,711,0,842,80,7380.0,cwfid_polygon_extent
cwfid_018,4,crop,1,615,567,851,731,28621.5,cwfid_polygon_extent
cwfid_018,5,crop,1,700,722,826,906,18261.5,cwfid_polygon_extent
cwfid_018,6,weed,2,662,232,911,531,51447.5,cwfid_polygon_extent
cwfid_018,7,weed,2,662,68,1134,267,55716.0,cwfid_polygon_extent
cwfid_018,8,weed,2,916,268,1113,541,37534.0,cwfid_polygon_extent
cwfid_019,0,crop,1,676,48,879,269,27537.5,cwfid_polygon_extent
cwfid_019,1,crop,1,740,267,866,340,6442.5,cwfid_polygon_extent
cwfid_019,2,crop,1,717,406,837,492,7498.5,cwfid_polygon_extent
cwfid_019,3,crop,1,623,558,834,671,13301.5,cwfid_polygon_extent
cwfid_019,4,weed,2,180,0,461,314,58547.5,cwfid_polygon_extent
cwfid_019,5,weed,2,661,312,807,401,9416.5,cwfid_polygon_extent
cwfid_019,6,weed,2,770,783,982,931,21954.5,cwfid_polygon_extent
cwfid_020,0,crop,1,694,563,849,741,17042.0,cwfid_polygon_extent
cwfid_020,1,crop,1,699,747,799,900,10215.0,cwfid_polygon_extent
cwfid_020,2,weed,2,88,711,245,861,16821.0,cwfid_polygon_extent
cwfid_020,3,crop,1,682,216,906,411,29398.0,cwfid_polygon_extent
cwfid_021,0,crop,1,863,27,1132,214,29720.5,cwfid_polygon_extent
cwfid_021,1,weed,2,998,149,1147,305,12692.0,cwfid_polygon_extent
cwfid_021,2,crop,1,952,211,1088,377,14325.5,cwfid_polygon_extent
cwfid_021,3,weed,2,606,447,718,519,6024.5,cwfid_polygon_extent
cwfid_022,0,crop,1,772,388,1099,623,37119.0,cwfid_polygon_extent
cwfid_022,1,crop,1,988,128,1147,290,14195.5,cwfid_polygon_extent
cwfid_022,2,crop,1,973,66,1076,169,7745.0,cwfid_polygon_extent
cwfid_022,3,weed,2,200,0,547,252,65710.0,cwfid_polygon_extent
cwfid_022,4,weed,2,737,122,1132,413,60587.0,cwfid_polygon_extent
cwfid_022,5,crop,1,880,163,1057,252,6907.5,cwfid_polygon_extent
cwfid_022,6,weed,2,910,674,1153,875,34283.0,cwfid_polygon_extent
cwfid_023,0,crop,1,824,14,952,134,9345.0,cwfid_polygon_extent
cwfid_023,1,crop,1,933,125,1032,293,12633.0,cwfid_polygon_extent
cwfid_023,2,weed,2,1132,113,1212,179,3924.5,cwfid_polygon_extent
cwfid_023,3,weed,2,433,363,632,572,32128.5,cwfid_polygon_extent
cwfid_023,4,weed,2,513,850,621,949,7383.0,cwfid_polygon_extent
cwfid_023,5,weed,2,851,352,1260,657,85491.0,cwfid_polygon_extent
cwfid_023,6,weed,2,834,652,1274,963,82783.0,cwfid_polygon_extent
cwfid_023,7,weed,2,612,3,752,127,14474.5,cwfid_polygon_extent
cwfid_024,0,weed,2,273,250,555,619,78834.5,cwfid_polygon_extent
cwfid_024,1,weed,2,328,17,814,329,76977.5,cwfid_polygon_extent
cwfid_024,2,crop,1,948,107,1059,221,8772.0,cwfid_polygon_extent
cwfid_024,3,weed,2,1035,270,1295,574,46268.5,cwfid_polygon_extent
cwfid_024,4,weed,2,412,0,681,62,10031.0,cwfid_polygon_extent
cwfid_024,5,weed,2,0,0,119,120,9300.0,cwfid_polygon_extent
cwfid_025,0,weed,2,15,808,96,925,5935.0,cwfid_polygon_extent
cwfid_025,1,weed,2,554,357,832,662,60186.5,cwfid_polygon_extent
cwfid_025,2,weed,2,574,543,981,942,109083.5,cwfid_polygon_extent
cwfid_025,3,crop,1,889,628,1087,875,32723.0,cwfid_polygon_extent
cwfid_025,4,crop,1,914,211,1143,346,20998.0,cwfid_polygon_extent
cwfid_025,5,crop,1,858,13,1078,212,29619.0,cwfid_polygon_extent
cwfid_026,0,weed,2,197,70,335,201,14238.5,cwfid_polygon_extent
cwfid_026,1,weed,2,699,614,911,965,61507.5,cwfid_polygon_extent
cwfid_026,2,weed,2,951,710,1090,849,13139.5,cwfid_polygon_extent
cwfid_026,3,weed,2,994,121,1284,440,55761.5,cwfid_polygon_extent
cwfid_026,4,crop,1,900,0,1048,91,10379.0,cwfid_polygon_extent
cwfid_027,0,weed,2,233,333,602,666,83531.0,cwfid_polygon_extent
cwfid_027,1,crop,1,899,650,1112,901,41108.0,cwfid_polygon_extent
cwfid_027,2,weed,2,996,134,1295,534,75642.5,cwfid_polygon_extent
cwfid_027,3,weed,2,373,908,513,965,6359.5,cwfid_polygon_extent
cwfid_027,4,weed,2,107,645,232,779,13943.0,cwfid_polygon_extent
cwfid_027,5,crop,1,960,340,1083,494,11817.0,cwfid_polygon_extent
cwfid_027,6,weed,2,105,0,240,105,12697.5,cwfid_polygon_extent
cwfid_027,7,crop,1,837,7,1087,238,36103.0,cwfid_polygon_extent
cwfid_028,0,weed,2,928,581,1034,702,7574.0,cwfid_polygon_extent
cwfid_028,1,weed,2,370,326,491,485,10550.5,cwfid_polygon_extent
cwfid_028,2,weed,2,917,0,1233,218,41810.0,cwfid_polygon_extent
cwfid_028,3,weed,2,876,202,1281,541,83534.5,cwfid_polygon_extent
cwfid_028,4,crop,1,948,460,1048,557,6900.5,cwfid_polygon_extent
cwfid_028,5,weed,2,970,0,1067,69,5166.5,cwfid_polygon_extent
cwfid_028,6,weed,2,664,0,989,99,24788.0,cwfid_polygon_extent
cwfid_028,7,crop,1,918,681,1056,830,11965.5,cwfid_polygon_extent
cwfid_028,8,crop,1,958,870,1151,965,11515.0,cwfid_polygon_extent
cwfid_028,9,weed,2,772,632,1285,936,84359.0,cwfid_polygon_extent
cwfid_028,10,weed,2,1155,538,1255,647,7653.5,cwfid_polygon_extent
cwfid_028,11,weed,2,1027,536,1152,622,8414.0,cwfid_polygon_extent
cwfid_028,12,weed,2,441,2,521,50,2902.5,cwfid_polygon_extent
cwfid_028,13,crop,1,913,125,998,219,4818.5,cwfid_polygon_extent
cwfid_029,0,weed,2,824,468,974,636,18378.0,cwfid_polygon_extent
cwfid_029,1,weed,2,752,6,1014,287,48629.5,cwfid_polygon_extent
cwfid_029,2,weed,2,120,373,603,799,156380.5,cwfid_polygon_extent
cwfid_029,3,weed,2,921,594,1005,693,5984.0,cwfid_polygon_extent
cwfid_029,4,crop,1,953,180,1065,288,8402.0,cwfid_polygon_extent
cwfid_029,5,weed,2,852,2,1292,569,139539.0,cwfid_polygon_extent
cwfid_029,6,weed,2,537,572,1029,965,81416.0,cwfid_polygon_extent
cwfid_029,7,weed,2,736,826,1045,965,33007.0,cwfid_polygon_extent
cwfid_029,8,weed,2,1004,696,1295,933,51240.5,cwfid_polygon_extent
cwfid_030,0,crop,1,870,361,1095,563,34969.0,cwfid_polygon_extent
cwfid_030,1,crop,1,876,563,1047,695,12096.5,cwfid_polygon_extent
cwfid_030,2,weed,2,950,658,1102,742,8214.0,cwfid_polygon_extent
cwfid_030,3,weed,2,1039,720,1162,881,13546.5,cwfid_polygon_extent
cwfid_030,4,weed,2,934,25,1014,103,3590.0,cwfid_polygon_extent
cwfid_031,0,crop,1,734,0,977,134,23176.5,cwfid_polygon_extent
cwfid_031,1,weed,2,430,119,909,674,145767.0,cwfid_polygon_extent
cwfid_031,2,crop,1,694,796,941,947,28110.5,cwfid_polygon_extent
cwfid_031,3,crop,1,832,165,954,267,7633.5,cwfid_polygon_extent
cwfid_031,4,weed,2,495,616,803,846,40031.0,cwfid_polygon_extent
cwfid_031,5,weed,2,1159,749,1294,845,8465.0,cwfid_polygon_extent
cwfid_031,6,weed,2,846,505,972,637,11281.5,cwfid_polygon_extent
cwfid_031,7,weed,2,195,195,375,284,11802.5,cwfid_polygon_extent
cwfid_032,0,crop,1,762,267,908,428,13433.5,cwfid_polygon_extent
cwfid_032,1,crop,1,791,414,971,612,21604.5,cwfid_polygon_extent
cwfid_032,2,weed,2,731,5,1208,340,101918.0,cwfid_polygon_extent
cwfid_032,3,weed,2,1115,0,1290,129,18169.0,cwfid_polygon_extent
cwfid_032,4,weed,2,556,278,772,446,25632.5,cwfid_polygon_extent
cwfid_032,5,weed,2,301,609,786,901,103571.0,cwfid_polygon_extent
cwfid_032,6,crop,1,842,610,947,775,13784.5,cwfid_polygon_extent
cwfid_032,7,crop,1,712,811,923,965,27094.0,cwfid_polygon_extent
cwfid_033,0,weed,2,543,403,718,586,16958.5,cwfid_polygon_extent
cwfid_033,1,weed,2,524,685,673,791,11877.5,cwfid_polygon_extent
cwfid_033,2,weed,2,418,531,571,699,20451.0,cwfid_polygon_extent
cwfid_033,3,weed,2,747,83,947,313,23733.0,cwfid_polygon_extent
cwfid_033,4,crop,1,741,255,948,380,15726.5,cwfid_polygon_extent
cwfid_033,5,crop,1,818,0,938,84,7327.5,cwfid_polygon_extent
cwfid_033,6,weed,2,704,2,807,101,7277.0,cwfid_polygon_extent
cwfid_033,7,weed,2,824,736,966,858,12747.5,cwfid_polygon_extent
cwfid_033,8,weed,2,28,875,117,965,5398.0,cwfid_polygon_extent
cwfid_033,9,crop,1,714,43,832,194,11090.0,cwfid_polygon_extent
cwfid_033,10,weed,2,654,539,820,799,26636.0,cwfid_polygon_extent
cwfid_034,0,weed,2,486,0,607,99,9617.5,cwfid_polygon_extent
cwfid_034,1,weed,2,661,0,890,202,31513.5,cwfid_polygon_extent
cwfid_034,2,weed,2,808,203,1295,666,147374.0,cwfid_polygon_extent
cwfid_034,3,weed,2,509,605,841,879,54545.5,cwfid_polygon_extent
cwfid_034,4,crop,1,808,640,913,721,6075.0,cwfid_polygon_extent
cwfid_034,5,weed,2,819,0,1057,332,47900.5,cwfid_polygon_extent
cwfid_034,6,weed,2,680,642,1049,962,64406.0,cwfid_polygon_extent
cwfid_034,7,crop,1,783,732,887,841,8332.5,cwfid_polygon_extent
cwfid_034,8,weed,2,616,879,721,964,5298.0,cwfid_polygon_extent
cwfid_035,0,crop,1,763,372,962,568,29857.0,cwfid_polygon_extent
cwfid_035,1,crop,1,781,568,954,733,17364.5,cwfid_polygon_extent
cwfid_035,2,crop,1,743,840,1004,960,22799.5,cwfid_polygon_extent
cwfid_035,3,crop,1,684,0,942,57,8976.5,cwfid_polygon_extent
cwfid_035,4,weed,2,266,162,386,296,11792.0,cwfid_polygon_extent
cwfid_035,5,weed,2,404,466,576,643,19734.0,cwfid_polygon_extent
cwfid_035,6,weed,2,592,642,1009,893,64549.5,cwfid_polygon_extent
cwfid_035,7,crop,1,689,34,970,219,32554.0,cwfid_polygon_extent
cwfid_035,8,crop,1,750,156,975,380,31703.5,cwfid_polygon_extent
cwfid_036,0,weed,2,400,62,624,235,29510.5,cwfid_polygon_extent
cwfid_036,1,weed,2,415,454,520,554,7106.5,cwfid_polygon_extent
cwfid_036,2,weed,2,680,324,971,780,59489.0,cwfid_polygon_extent
cwfid_036,3,crop,1,701,177,870,336,18796.0,cwfid_polygon_extent
cwfid_036,4,weed,2,94,602,216,709,9570.0,cwfid_polygon_extent
cwfid_036,5,weed,2,0,596,98,720,9922.0,cwfid_polygon_extent
cwfid_036,6,weed,2,1,704,89,863,10650.0,cwfid_polygon_extent
cwfid_036,7,weed,2,0,301,53,417,4272.5,cwfid_polygon_extent
cwfid_036,8,weed,2,82,176,201,248,5260.5,cwfid_polygon_extent
cwfid_036,9,weed,2,1091,4,1185,92,5932.0,cwfid_polygon_extent
cwfid_036,10,weed,2,906,25,1049,163,11514.5,cwfid_polygon_extent
cwfid_036,11,crop,1,781,0,930,138,14248.0,cwfid_polygon_extent
cwfid_036,12,weed,2,1020,449,1292,680,42097.5,cwfid_polygon_extent
cwfid_036,13,weed,2,631,662,817,892,29679.0,cwfid_polygon_extent
cwfid_036,14,weed,2,936,315,1167,664,52692.0,cwfid_polygon_extent
cwfid_036,15,weed,2,783,879,870,965,5749.5,cwfid_polygon_extent
cwfid_037,0,crop,1,691,453,1015,697,51834.5,cwfid_polygon_extent
cwfid_037,1,crop,1,805,281,961,415,14522.5,cwfid_polygon_extent
cwfid_037,2,crop,1,716,825,854,966,13062.5,cwfid_polygon_extent
cwfid_037,3,weed,2,846,910,1002,964,6551.0,cwfid_polygon_extent
cwfid_037,4,weed,2,582,414,735,530,12062.5,cwfid_polygon_extent
cwfid_037,5,weed,2,596,0,762,155,17238.0,cwfid_polygon_extent
cwfid_037,6,crop,1,672,52,890,194,19876.5,cwfid_polygon_extent
cwfid_038,0,crop,1,661,190,892,381,31572.0,cwfid_polygon_extent
cwfid_038,1,weed,2,723,329,1026,513,31388.5,cwfid_polygon_extent
cwfid_038,2,weed,2,695,434,896,577,11287.5,cwfid_polygon_extent
cwfid_038,3,weed,2,841,741,1112,965,38545.5,cwfid_polygon_extent
cwfid_038,4,weed,2,712,660,914,789,16545.5,cwfid_polygon_extent
cwfid_038,5,weed,2,581,907,724,966,6300.0,cwfid_polygon_extent
cwfid_038,6,weed,2,125,345,238,464,9546.5,cwfid_polygon_extent
cwfid_038,7,weed,2,254,45,391,208,16645.0,cwfid_polygon_extent
cwfid_038,8,weed,2,712,1,1064,243,54762.0,cwfid_polygon_extent
cwfid_038,9,weed,2,641,1,759,125,9488.5,cwfid_polygon_extent
cwfid_038,10,weed,2,689,502,1018,721,43705.5,cwfid_polygon_extent
cwfid_039,0,crop,1,741,177,880,310,12417.5,cwfid_polygon_extent
cwfid_039,1,crop,1,690,474,963,641,34050.5,cwfid_polygon_extent
cwfid_039,2,weed,2,590,2,796,242,26672.5,cwfid_polygon_extent
cwfid_039,3,weed,2,840,0,1055,130,14798.5,cwfid_polygon_extent
cwfid_039,4,weed,2,709,626,827,723,6307.0,cwfid_polygon_extent
cwfid_039,5,crop,1,773,787,911,894,10369.0,cwfid_polygon_extent
cwfid_039,6,weed,2,246,623,412,766,19140.0,cwfid_polygon_extent
cwfid_039,7,weed,2,467,513,564,623,8380.5,cwfid_polygon_extent
cwfid_039,8,weed,2,499,554,745,716,22590.5,cwfid_polygon_extent
cwfid_040,0,crop,1,617,2,950,176,36087.0,cwfid_polygon_extent
cwfid_040,1,weed,2,284,523,392,643,9536.0,cwfid_polygon_extent
cwfid_040,2,weed,2,1052,6,1294,277,50092.5,cwfid_polygon_extent
cwfid_040,3,weed,2,399,232,1049,929,246422.5,cwfid_polygon_extent
cwfid_040,4,weed,2,574,882,839,966,15082.5,cwfid_polygon_extent
cwfid_040,5,weed,2,0,364,118,519,13787.5,cwfid_polygon_extent
cwfid_040,6,crop,1,769,140,874,280,9028.5,cwfid_polygon_extent
cwfid_040,7,weed,2,782,787,947,965,20568.0,cwfid_polygon_extent
cwfid_040,8,weed,2,1180,284,1294,388,7959.5,cwfid_polygon_extent
cwfid_041,0,crop,1,432,168,619,391,24259.0,cwfid_polygon_extent
cwfid_041,1,weed,2,533,95,731,297,24593.0,cwfid_polygon_extent
cwfid_041,2,weed,2,358,41,597,220,24846.0,cwfid_polygon_extent
cwfid_041,3,weed,2,327,360,536,546,21732.5,cwfid_polygon_extent
cwfid_041,4,weed,2,408,447,717,717,51997.5,cwfid_polygon_extent
cwfid_041,5,weed,2,267,528,435,781,30862.5,cwfid_polygon_extent
cwfid_041,6,crop,1,542,672,701,837,18866.0,cwfid_polygon_extent
cwfid_041,7,crop,1,529,912,615,964,3768.5,cwfid_polygon_extent
cwfid_042,0,weed,2,749,259,1019,448,36717.5,cwfid_polygon_extent
cwfid_042,1,crop,1,477,0,700,100,15364.5,cwfid_polygon_extent
cwfid_042,2,weed,2,30,588,313,914,57085.0,cwfid_polygon_extent
cwfid_042,3,crop,1,490,663,639,817,15675.0,cwfid_polygon_extent
cwfid_042,4,weed,2,1033,395,1128,544,11471.0,cwfid_polygon_extent
cwfid_042,5,crop,1,527,316,720,473,19308.5,cwfid_polygon_extent
cwfid_043,0,weed,2,898,210,1199,502,56825.0,cwfid_polygon_extent
cwfid_043,1,weed,2,189,0,354,103,10707.5,cwfid_polygon_extent
cwfid_043,2,weed,2,141,266,374,515,39029.5,cwfid_polygon_extent
cwfid_043,3,weed,2,373,232,550,396,18958.5,cwfid_polygon_extent
cwfid_043,4,crop,1,524,233,647,355,9218.0,cwfid_polygon_extent
cwfid_043,5,crop,1,445,82,642,265,22133.0,cwfid_polygon_extent
cwfid_044,0,crop,1,524,354,675,546,17407.5,cwfid_polygon_extent
cwfid_044,1,crop,1,533,1,716,153,19917.0,cwfid_polygon_extent
cwfid_044,2,weed,2,533,658,676,815,14523.0,cwfid_polygon_extent
cwfid_044,3,weed,2,228,42,487,203,29230.5,cwfid_polygon_extent
cwfid_044,4,weed,2,24,6,105,46,1707.0,cwfid_polygon_extent
cwfid_044,5,crop,1,555,800,719,952,17499.5,cwfid_polygon_extent
cwfid_045,0,crop,1,512,382,747,654,43782.0,cwfid_polygon_extent
cwfid_045,1,weed,2,809,26,1059,350,59430.5,cwfid_polygon_extent
cwfid_045,2,weed,2,662,482,825,652,19560.5,cwfid_polygon_extent
cwfid_045,3,weed,2,833,609,1012,813,23383.0,cwfid_polygon_extent
cwfid_045,4,crop,1,605,647,729,802,13408.0,cwfid_polygon_extent
cwfid_045,5,crop,1,520,882,676,965,9444.5,cwfid_polygon_extent
cwfid_045,6,weed,2,359,816,480,959,10813.5,cwfid_polygon_extent
cwfid_045,7,weed,2,667,93,860,281,21470.0,cwfid_polygon_extent
cwfid_045,8,weed,2,392,1,840,328,86068.5,cwfid_polygon_extent
cwfid_046,0,crop,1,498,68,705,245,18741.0,cwfid_polygon_extent
cwfid_046,1,crop,1,553,745,707,886,15229.0,cwfid_polygon_extent
cwfid_046,2,weed,2,350,335,588,655,59495.0,cwfid_polygon_extent
cwfid_047,0,weed,2,216,71,408,308,30698.5,cwfid_polygon_extent
cwfid_047,1,weed,2,643,54,871,284,40119.0,cwfid_polygon_extent
cwfid_047,2,crop,1,513,151,630,349,15477.5,cwfid_polygon_extent
cwfid_047,3,crop,1,546,600,678,826,20988.5,cwfid_polygon_extent
cwfid_047,4,weed,2,111,644,226,779,12319.5,cwfid_polygon_extent
cwfid_048,0,weed,2,452,136,915,643,153550.0,cwfid_polygon_extent
cwfid_048,1,crop,1,644,280,707,347,2525.5,cwfid_polygon_extent
cwfid_048,2,crop,1,515,333,614,398,4547.0,cwfid_polygon_extent
cwfid_048,3,weed,2,662,827,813,965,15131.0,cwfid_polygon_extent
cwfid_048,4,crop,1,471,0,661,156,21643.0,cwfid_polygon_extent
cwfid_049,0,crop,1,423,2,771,297,74222.0,cwfid_polygon_extent
cwfid_049,1,weed,2,172,714,306,948,19565.0,cwfid_polygon_extent
cwfid_049,2,weed,2,674,192,874,364,22349.0,cwfid_polygon_extent
cwfid_049,3,crop,1,529,379,740,602,36370.0,cwfid_polygon_extent
cwfid_050,0,crop,1,566,504,672,619,8993.5,cwfid_polygon_extent
cwfid_050,1,crop,1,520,714,810,965,51946.5,cwfid_polygon_extent
cwfid_051,0,crop,1,622,220,818,374,22237.0,cwfid_polygon_extent
cwfid_051,1,crop,1,655,609,795,711,11379.0,cwfid_polygon_extent
cwfid_051,2,crop,1,642,376,882,553,26302.5,cwfid_polygon_extent
cwfid_051,3,weed,2,638,725,780,926,16147.5,cwfid_polygon_extent
cwfid_051,4,weed,2,448,710,830,962,47111.0,cwfid_polygon_extent
cwfid_051,5,weed,2,750,723,877,895,15579.5,cwfid_polygon_extent
cwfid_051,6,weed,2,127,801,408,964,29476.5,cwfid_polygon_extent
cwfid_051,7,crop,1,523,33,822,266,42130.5,cwfid_polygon_extent
cwfid_051,8,weed,2,82,193,721,879,251154.0,cwfid_polygon_extent
cwfid_051,9,weed,2,890,792,1082,929,20659.5,cwfid_polygon_extent
cwfid_052,0,crop,1,604,266,852,470,35044.5,cwfid_polygon_extent
cwfid_052,1,weed,2,742,759,885,878,11620.0,cwfid_polygon_extent
cwfid_052,2,weed,2,206,756,691,963,74350.0,cwfid_polygon_extent
cwfid_052,3,crop,1,592,109,737,289,20620.5,cwfid_polygon_extent
cwfid_052,4,weed,2,732,0,1106,385,83796.5,cwfid_polygon_extent
cwfid_052,5,weed,2,609,1,777,114,13778.0,cwfid_polygon_extent
cwfid_052,6,weed,2,1073,195,1259,379,25211.0,cwfid_polygon_extent
cwfid_052,7,weed,2,875,549,1070,727,24157.5,cwfid_polygon_extent
cwfid_052,8,weed,2,428,434,727,761,51178.0,cwfid_polygon_extent
cwfid_052,9,crop,1,589,513,795,756,31740.0,cwfid_polygon_extent
cwfid_052,10,weed,2,188,576,363,782,25040.5,cwfid_polygon_extent
cwfid_053,0,weed,2,551,191,782,476,48843.0,cwfid_polygon_extent
cwfid_053,1,crop,1,557,61,795,184,19204.5,cwfid_polygon_extent
cwfid_053,2,crop,1,628,701,757,830,14153.0,cwfid_polygon_extent
cwfid_053,3,weed,2,12,496,431,963,136886.5,cwfid_polygon_extent
cwfid_053,4,crop,1,593,819,765,941,13426.0,cwfid_polygon_extent
cwfid_054,0,weed,2,725,1,926,172,26894.5,cwfid_polygon_extent
cwfid_054,1,crop,1,555,317,812,571,38187.5,cwfid_polygon_extent
cwfid_054,2,crop,1,525,90,875,347,59166.5,cwfid_polygon_extent
cwfid_054,3,weed,2,551,0,758,129,17064.5,cwfid_polygon_extent
cwfid_054,4,weed,2,579,527,834,765,28972.0,cwfid_polygon_extent
cwfid_054,5,weed,2,503,461,680,630,19122.5,cwfid_polygon_extent
cwfid_054,6,weed,2,454,702,643,900,20968.5,cwfid_polygon_extent
cwfid_054,7,weed,2,654,733,880,961,37133.5,cwfid_polygon_extent
cwfid_055,0,crop,1,387,313,648,443,23054.0,cwfid_polygon_extent
cwfid_055,1,crop,1,417,467,609,610,17679.0,cwfid_polygon_extent
cwfid_055,2,crop,1,547,552,688,767,19057.0,cwfid_polygon_extent
cwfid_055,3,weed,2,579,475,843,762,42513.5,cwfid_polygon_extent
cwfid_055,4,crop,1,380,214,553,362,15348.5,cwfid_polygon_extent
cwfid_055,5,weed,2,663,1,902,167,28052.5,cwfid_polygon_extent
cwfid_055,6,crop,1,527,742,799,964,39149.0,cwfid_polygon_extent
cwfid_055,7,weed,2,675,681,1006,963,55461.0,cwfid_polygon_extent
cwfid_056,0,weed,2,646,456,846,648,24274.5,cwfid_polygon_extent
cwfid_056,1,weed,2,398,109,583,341,22579.0,cwfid_polygon_extent
cwfid_056,2,weed,2,209,1,551,171,38400.0,cwfid_polygon_extent
cwfid_056,3,weed,2,377,459,535,574,10624.5,cwfid_polygon_extent
cwfid_056,4,crop,1,380,733,607,926,26091.5,cwfid_polygon_extent
cwfid_056,5,weed,2,545,701,800,964,40113.5,cwfid_polygon_extent
cwfid_056,6,weed,2,658,612,876,770,23294.5,cwfid_polygon_extent
cwfid_056,7,weed,2,455,566,660,733,26222.0,cwfid_polygon_extent
cwfid_056,8,weed,2,613,171,814,275,13564.5,cwfid_polygon_extent
cwfid_056,9,crop,1,359,324,548,487,19076.0,cwfid_polygon_extent
cwfid_057,0,weed,2,272,634,591,838,38670.0,cwfid_polygon_extent
cwfid_057,1,weed,2,150,795,476,965,34079.5,cwfid_polygon_extent
cwfid_057,2,weed,2,203,703,386,852,16407.5,cwfid_polygon_extent
cwfid_057,3,weed,2,449,807,646,964,23904.5,cwfid_polygon_extent
cwfid_057,4,weed,2,430,36,532,142,5996.5,cwfid_polygon_extent
cwfid_057,5,weed,2,572,1,788,246,34675.0,cwfid_polygon_extent
cwfid_057,6,weed,2,702,0,875,94,14292.5,cwfid_polygon_extent
cwfid_057,7,weed,2,669,116,902,433,43077.5,cwfid_polygon_extent
cwfid_057,8,crop,1,656,394,737,554,9129.0,cwfid_polygon_extent
cwfid_057,9,weed,2,1020,1,1293,283,57515.5,cwfid_polygon_extent
cwfid_057,10,weed,2,1197,351,1295,540,15053.5,cwfid_polygon_extent
cwfid_057,11,weed,2,1087,394,1223,546,13821.5,cwfid_polygon_extent
cwfid_057,12,weed,2,1004,533,1286,726,38470.0,cwfid_polygon_extent
cwfid_058,0,crop,1,654,338,844,545,17201.0,cwfid_polygon_extent
cwfid_058,1,crop,1,652,732,827,825,11814.5,cwfid_polygon_extent
cwfid_058,2,weed,2,388,635,626,892,35128.0,cwfid_polygon_extent
cwfid_058,3,weed,2,491,801,656,965,19399.0,cwfid_polygon_extent
cwfid_058,4,weed,2,667,800,879,965,25516.0,cwfid_polygon_extent
cwfid_058,5,weed,2,1069,863,1220,965,11947.5,cwfid_polygon_extent
cwfid_058,6,weed,2,926,100,1088,275,21598.0,cwfid_polygon_extent
cwfid_058,7,weed,2,141,51,393,303,37414.5,cwfid_polygon_extent
cwfid_058,8,weed,2,267,1,414,161,15812.5,cwfid_polygon_extent
cwfid_058,9,weed,2,365,0,600,167,29008.5,cwfid_polygon_extent
cwfid_058,10,crop,1,649,1,812,144,16434.5,cwfid_polygon_extent
cwfid_058,11,crop,1,635,169,813,330,19954.0,cwfid_polygon_extent
cwfid_058,12,weed,2,771,507,894,592,6984.5,cwfid_polygon_extent
cwfid_058,13,weed,2,478,315,666,585,34877.0,cwfid_polygon_extent
cwfid_058,14,weed,2,378,1,842,354,61413.5,cwfid_polygon_extent
cwfid_059,0,weed,2,63,32,334,437,55747.5,cwfid_polygon_extent
cwfid_059,1,weed,2,230,598,354,761,15684.5,cwfid_polygon_extent
cwfid_059,2,crop,1,665,666,829,875,20812.0,cwfid_polygon_extent
cwfid_059,3,crop,1,702,546,802,643,6919.0,cwfid_polygon_extent
cwfid_059,4,weed,2,365,779,640,965,34754.0,cwfid_polygon_extent
cwfid_059,5,weed,2,558,677,716,964,26348.0,cwfid_polygon_extent
cwfid_059,6,weed,2,445,344,743,594,34162.5,cwfid_polygon_extent
cwfid_059,7,weed,2,408,70,865,469,70755.0,cwfid_polygon_extent
cwfid_059,8,crop,1,653,238,859,399,19683.0,cwfid_polygon_extent
cwfid_059,9,weed,2,464,1,840,129,32409.5,cwfid_polygon_extent
cwfid_059,10,weed,2,713,144,830,256,8670.0,cwfid_polygon_extent
cwfid_059,11,weed,2,366,463,517,626,15470.0,cwfid_polygon_extent
cwfid_060,0,weed,2,288,90,503,283,32197.0,cwfid_polygon_extent
cwfid_060,1,weed,2,416,390,549,516,11304.5,cwfid_polygon_extent
cwfid_060,2,weed,2,479,178,632,438,28892.0,cwfid_polygon_extent
cwfid_060,3,crop,1,552,1,734,113,12954.0,cwfid_polygon_extent
cwfid_060,4,weed,2,667,2,1045,269,70201.5,cwfid_polygon_extent
cwfid_060,5,weed,2,1006,51,1111,141,6179.0,cwfid_polygon_extent
cwfid_060,6,weed,2,1177,6,1253,95,4774.5,cwfid_polygon_extent
cwfid_060,7,crop,1,672,425,835,616,25425.0,cwfid_polygon_extent
cwfid_060,8,weed,2,885,697,1093,934,36103.0,cwfid_polygon_extent
cwfid_060,9,weed,2,769,601,945,818,22764.5,cwfid_polygon_extent
cwfid_060,10,weed,2,612,543,783,861,35295.5,cwfid_polygon_extent
cwfid_060,11,crop,1,665,822,870,965,24075.0,cwfid_polygon_extent
cwfid_060,12,weed,2,460,772,661,965,26735.5,cwfid_polygon_extent
cwfid_060,13,weed,2,394,912,519,965,5132.0,cwfid_polygon_extent
